<?xml version="1.0"?>
<!--
/**
 * Copyright ©  MageWorx. All rights reserved.
 * See LICENSE.txt for license details.
 */
 -->
<config xmlns:xsi="http://www.w3.org/2001/XMLSchema-instance" xsi:noNamespaceSchemaLocation="urn:magento:framework:Module/etc/module.xsd">
    <module name="Motu_Patlu" setup_version="1.0.0">
        <sequence>
            <module name="Magento_AdminNotification"/>
            <module name="Magento_Catalog"/>
            <module name="Magento_CatalogSearch"/>
            <module name="Magento_Search"/>
        </sequence>
    </module>
</config>
